post_id,run_id,scraped_at,price,year,make,model,mileage,source_txt
2FCgig86BEHCTLqTWd2rEr,20260928155213,2026-09-28T15:52:13Z,11500,2020,honda,hr-v,170000,scrapes/20260928155213/2FCgig86BEHCTLqTWd2rEr.txt
3sXQryfoGZ1n6eG8H2yuA4,20260928155213,2026-09-28T15:52:13Z,14000,1966,chevy,c10,84000,scrapes/20260928155213/3sXQryfoGZ1n6eG8H2yuA4.txt
85mAU6jJyBLVCwN3kjfoBH,20260928155213,2026-09-28T15:52:13Z,7600,2004,Pontiac,Sunfire,21000,scrapes/20260928155213/85mAU6jJyBLVCwN3kjfoBH.txt
8n2z1rBTYSbPimxM5JLbhJ,20260928155213,2026-09-28T15:52:13Z,4000,1997,jeep,wrangler,189000,scrapes/20260928155213/8n2z1rBTYSbPimxM5JLbhJ.txt
bKETNFVBSdiauzovhKH3hB,20260928155213,2026-09-28T15:52:13Z,5000,1997,ford,f-150,122000,scrapes/20260928155213/bKETNFVBSdiauzovhKH3hB.txt
c992XD87TskDRrVWiADQRj,20260928155213,2026-09-28T15:52:13Z,6000,1997,dodge,ram,98000,scrapes/20260928155213/c992XD87TskDRrVWiADQRj.txt
hEZU831v9HUCVtCUArRZe7,20260928155213,2026-09-28T15:52:13Z,2500,2009,toyota,prius,242000,scrapes/20260928155213/hEZU831v9HUCVtCUArRZe7.txt
sW7YikQvbmfejLgrytkm7K,20260928155213,2026-09-28T15:52:13Z,3500,2007,honda,cr-v,192350,scrapes/20260928155213/sW7YikQvbmfejLgrytkm7K.txt
uZZXHMqtSifcXzf47TXtTC,20260928155213,2026-09-28T15:52:13Z,6500,2011,toyota,avalon,147987,scrapes/20260928155213/uZZXHMqtSifcXzf47TXtTC.txt
wf8hf5LwTzUFAv1er8Z8sZ,20260928155213,2026-09-28T15:52:13Z,4000,2008,toyota,camry,189000,scrapes/20260928155213/wf8hf5LwTzUFAv1er8Z8sZ.txt
24WkQVAv4khn6QWdTBQHf1,20260928155246,2026-09-28T15:52:46Z,8500,2013,Hyunda,Sonata,40000,scrapes/20260928155246/24WkQVAv4khn6QWdTBQHf1.txt
4ysVPsYd2KTDr6rbicgnoV,20260928155246,2026-09-28T15:52:46Z,3800,2011,Honda,Accord,198000,scrapes/20260928155246/4ysVPsYd2KTDr6rbicgnoV.txt
7dEEfyBPBV7RpUamCJ258v,20260928155246,2026-09-28T15:52:46Z,4995,2013,hyundai,elantra,88000,scrapes/20260928155246/7dEEfyBPBV7RpUamCJ258v.txt
8CsTtVC5zZNU7f9SqFpDDc,20260928155246,2026-09-28T15:52:46Z,4900,2009,acura,tl,175000,scrapes/20260928155246/8CsTtVC5zZNU7f9SqFpDDc.txt
cHAwqCSEDchnoZSBBn4AvL,20260928155246,2026-09-28T15:52:46Z,1800,2007,Honda,odyssey,213000,scrapes/20260928155246/cHAwqCSEDchnoZSBBn4AvL.txt
jLW11rEJRHrTHmCrMNaG2Y,20260928155246,2026-09-28T15:52:46Z,38500,2018,Lexus,GX460,77000,scrapes/20260928155246/jLW11rEJRHrTHmCrMNaG2Y.txt
kPkoqp4QyG9h6cMNKmLGGT,20260928155246,2026-09-28T15:52:46Z,2000,2009,honda,fit,128000,scrapes/20260928155246/kPkoqp4QyG9h6cMNKmLGGT.txt
oDnrx2nYx8RxBdrrbQEVi2,20260928155246,2026-09-28T15:52:46Z,3000,1968,Pontiac,VIN,99999,scrapes/20260928155246/oDnrx2nYx8RxBdrrbQEVi2.txt
pTJEZsV2awSFFny2uwHTXB,20260928155246,2026-09-28T15:52:46Z,5600,2016,bmw,3,116000,scrapes/20260928155246/pTJEZsV2awSFFny2uwHTXB.txt
xzv84TucXH4rUDCHUSHxR2,20260928155246,2026-09-28T15:52:46Z,3700,2011,Toyota,Camry,199000,scrapes/20260928155246/xzv84TucXH4rUDCHUSHxR2.txt
9Ya84kd8ih2SKx8gDezJ8X,20260928160005,2026-09-28T16:00:05Z,4200,2008,toyota,rav4,139777,scrapes/20260928160005/9Ya84kd8ih2SKx8gDezJ8X.txt
fb94LaoDN811zytMWqiq2G,20260928160005,2026-09-28T16:00:05Z,2500,2005,jeep,liberty,175000,scrapes/20260928160005/fb94LaoDN811zytMWqiq2G.txt
iXigEeFtTE4dtL1Ve3pbBM,20260928160005,2026-09-28T16:00:05Z,35900,2002,chevrolet,corvette,19925,scrapes/20260928160005/iXigEeFtTE4dtL1Ve3pbBM.txt
n9kiNv4YHi1VFTm8nSAMY2,20260928160005,2026-09-28T16:00:05Z,5000,1990,Chevrolet,c1500,1000,scrapes/20260928160005/n9kiNv4YHi1VFTm8nSAMY2.txt
qvsprSHW1mUiVJn5NnDiGC,20260928160005,2026-09-28T16:00:05Z,2700,2005,honda,element,130000,scrapes/20260928160005/qvsprSHW1mUiVJn5NnDiGC.txt
qwwbyBgk6zQPD7HFiQ1SuL,20260928160005,2026-09-28T16:00:05Z,3500,2012,nissan,altima,123000,scrapes/20260928160005/qwwbyBgk6zQPD7HFiQ1SuL.txt
qxCWNeHxGPkep8Jme4JYMM,20260928160005,2026-09-28T16:00:05Z,4000,2007,honda,accord,120000,scrapes/20260928160005/qxCWNeHxGPkep8Jme4JYMM.txt
sZn3p2upMntE9aexF6nfQT,20260928160005,2026-09-28T16:00:05Z,3500,2008,honda,crv,130000,scrapes/20260928160005/sZn3p2upMntE9aexF6nfQT.txt
uPbT85eQ4VMt3DjDQ6j6Sv,20260928160005,2026-09-28T16:00:05Z,7500,2014,bmw,x3,106500,scrapes/20260928160005/uPbT85eQ4VMt3DjDQ6j6Sv.txt
vxsHH4Qr9BjPS9kyMnEkbm,20260928160005,2026-09-28T16:00:05Z,19995,1988,bmw,325i,130000,scrapes/20260928160005/vxsHH4Qr9BjPS9kyMnEkbm.txt
97VNWnEAFPawGapzSrpFih,20260928170010,2026-09-28T17:00:10Z,13500,1965,Chrysler,300-L,78500,scrapes/20260928170010/97VNWnEAFPawGapzSrpFih.txt
cVey422dFZn6wuR2XMnVMy,20260928170010,2026-09-28T17:00:10Z,7600,2008,honda,civic,82000,scrapes/20260928170010/cVey422dFZn6wuR2XMnVMy.txt
fwGeqqkSxjrU6AMr49bV86,20260928170010,2026-09-28T17:00:10Z,6700,2012,honda,civic,164000,scrapes/20260928170010/fwGeqqkSxjrU6AMr49bV86.txt
gD8noFiZJZLjATuwuRAuVc,20260928170010,2026-09-28T17:00:10Z,3000,2011,FOR,FOCUS,180500,scrapes/20260928170010/gD8noFiZJZLjATuwuRAuVc.txt
hDgYtTiad2AEFJCrmhkSKC,20260928170010,2026-09-28T17:00:10Z,16000,1969,chevy,corvette,69000,scrapes/20260928170010/hDgYtTiad2AEFJCrmhkSKC.txt
mKpkAA55Zk8n2xbCZ1KrxZ,20260928170010,2026-09-28T17:00:10Z,7900,2014,acura,mdx,148000,scrapes/20260928170010/mKpkAA55Zk8n2xbCZ1KrxZ.txt
pcVkMd3hZ9waZ2ptZpVJpq,20260928170010,2026-09-28T17:00:10Z,17000,1987,ford,f250,41532,scrapes/20260928170010/pcVkMd3hZ9waZ2ptZpVJpq.txt
wPHTBzDGbGZz6ypBpocPvE,20260928170010,2026-09-28T17:00:10Z,4250,1999,Jaguar,XK8,93000,scrapes/20260928170010/wPHTBzDGbGZz6ypBpocPvE.txt
wU2KS7DhRhYPwok22KCR8S,20260928170010,2026-09-28T17:00:10Z,2000,2010,ford,focus,150000,scrapes/20260928170010/wU2KS7DhRhYPwok22KCR8S.txt
x5hWP53a4zRNY3TiAN3om8,20260928170010,2026-09-28T17:00:10Z,4200,2008,honda,cr-v,181000,scrapes/20260928170010/x5hWP53a4zRNY3TiAN3om8.txt
4QG9hVpcV8gcGm4yXvfgdf,20260928180009,2026-09-28T18:00:09Z,2500,2011,nissan,murano,172600,scrapes/20260928180009/4QG9hVpcV8gcGm4yXvfgdf.txt
5QEEBQwkNrbp9gWUL7oNhK,20260928180009,2026-09-28T18:00:09Z,1000,2009,Nissan,Altima,123929,scrapes/20260928180009/5QEEBQwkNrbp9gWUL7oNhK.txt
8B2jWu4QaDFqzsU495TnNE,20260928180009,2026-09-28T18:00:09Z,5800,2013,acura,rdx,109000,scrapes/20260928180009/8B2jWu4QaDFqzsU495TnNE.txt
bzGjmzDCEUe4Nj9rvuy1jw,20260928180009,2026-09-28T18:00:09Z,34500,2019,international,4300,74000,scrapes/20260928180009/bzGjmzDCEUe4Nj9rvuy1jw.txt
h4e5T1gEsPkMhHiskQukNy,20260928180009,2026-09-28T18:00:09Z,3300,2008,audi,a4,109000,scrapes/20260928180009/h4e5T1gEsPkMhHiskQukNy.txt
haKs6p9CA5HVDFep5Af8at,20260928180009,2026-09-28T18:00:09Z,6000,1990,Chevy,Corvette,85000,scrapes/20260928180009/haKs6p9CA5HVDFep5Af8at.txt
jRJ1zrFYxAZ3L1XMMrTTqb,20260928180009,2026-09-28T18:00:09Z,13500,2016,Freightliner,Business,134000,scrapes/20260928180009/jRJ1zrFYxAZ3L1XMMrTTqb.txt
mHiRXYTc1WQfUFx1vKFa89,20260928180009,2026-09-28T18:00:09Z,6800,2014,Subaru,Impreza,105000,scrapes/20260928180009/mHiRXYTc1WQfUFx1vKFa89.txt
nUdfRZy5jz9Z3s2YwtnG6S,20260928180009,2026-09-28T18:00:09Z,8999,1987,chevrolet,corvette,51307,scrapes/20260928180009/nUdfRZy5jz9Z3s2YwtnG6S.txt
sA236HiRkCXF8FPCRwrhzb,20260928180009,2026-09-28T18:00:09Z,1200,2001,ford,focus,188691,scrapes/20260928180009/sA236HiRkCXF8FPCRwrhzb.txt
51HRZCRdUeJ4dQwanJ2cnt,20260928190016,2026-09-28T19:00:16Z,1899,2012,ford,focus,177898,scrapes/20260928190016/51HRZCRdUeJ4dQwanJ2cnt.txt
8MwMnKTZN4WonhcFvFnE9m,20260928190016,2026-09-28T19:00:16Z,6900,2013,acura,mdx,140000,scrapes/20260928190016/8MwMnKTZN4WonhcFvFnE9m.txt
eVCLiEkgW4DzzUiWGhtad1,20260928190016,2026-09-28T19:00:16Z,7900,2012,jeep,wrangler,140000,scrapes/20260928190016/eVCLiEkgW4DzzUiWGhtad1.txt
hyjo1R3mftRHBSrsb1EP1A,20260928190016,2026-09-28T19:00:16Z,8500,2013,Hyunda,Sonata,40000,scrapes/20260928190016/hyjo1R3mftRHBSrsb1EP1A.txt
ixm6WJ3Yb8dxgkbLsn3yR9,20260928190016,2026-09-28T19:00:16Z,4500,2010,honda,accord,115000,scrapes/20260928190016/ixm6WJ3Yb8dxgkbLsn3yR9.txt
jzub1GFyynDYqe5yBxWNbk,20260928190016,2026-09-28T19:00:16Z,4200,2010,audi,a4,155000,scrapes/20260928190016/jzub1GFyynDYqe5yBxWNbk.txt
k7NGgdm8XkPKGv4B5SP495,20260928190016,2026-09-28T19:00:16Z,5000,2006,,,177000,scrapes/20260928190016/k7NGgdm8XkPKGv4B5SP495.txt
kaNScE4ak4wwVF5pKqfC88,20260928190016,2026-09-28T19:00:16Z,2800,2003,gmc,sierra,302000,scrapes/20260928190016/kaNScE4ak4wwVF5pKqfC88.txt
pJHd5Gy2TNJ3D6f73h2eZv,20260928190016,2026-09-28T19:00:16Z,35000,1980,Chevrolet,C10,4000,scrapes/20260928190016/pJHd5Gy2TNJ3D6f73h2eZv.txt
td22mu7csZC911UBB4fkgv,20260928190016,2026-09-28T19:00:16Z,1650,2009,toyota,yaris,299000,scrapes/20260928190016/td22mu7csZC911UBB4fkgv.txt
1E9wBF4sYgfEzg5nm9tKRF,20260928200030,2026-09-28T20:00:30Z,3200,2011,FOR,FOCUS,180500,scrapes/20260928200030/1E9wBF4sYgfEzg5nm9tKRF.txt
2WH4dzESevJhNF3ai68y7g,20260928200030,2026-09-28T20:00:30Z,5900,2012,Honda,Civic,179000,scrapes/20260928200030/2WH4dzESevJhNF3ai68y7g.txt
3CP868mZh3ACht1doBzoGU,20260928200030,2026-09-28T20:00:30Z,3200,2009,toyota,corolla,170000,scrapes/20260928200030/3CP868mZh3ACht1doBzoGU.txt
8tjTuGK97bxv6pXG3D7zmB,20260928200030,2026-09-28T20:00:30Z,2300,1997,honda,civic,151000,scrapes/20260928200030/8tjTuGK97bxv6pXG3D7zmB.txt
awgP7AmsvGqDYjbaMr38pT,20260928200030,2026-09-28T20:00:30Z,24000,2012,Honda,Odyssey,87000,scrapes/20260928200030/awgP7AmsvGqDYjbaMr38pT.txt
h1JUVSes9X5YFDtBrUAuGJ,20260928200030,2026-09-28T20:00:30Z,11500,1976,chevy,corvette,93000,scrapes/20260928200030/h1JUVSes9X5YFDtBrUAuGJ.txt
sTmqcMamF2Rfx6vhdSFiVV,20260928200030,2026-09-28T20:00:30Z,25000,2011,Aston,Martin,29000,scrapes/20260928200030/sTmqcMamF2Rfx6vhdSFiVV.txt
tj6gBgkDur8x4S3vhUxpjV,20260928200030,2026-09-28T20:00:30Z,35000,1958,ford,fairlane,40438,scrapes/20260928200030/tj6gBgkDur8x4S3vhUxpjV.txt
tz2J8kVCEPqJXkJtDDNiaY,20260928200030,2026-09-28T20:00:30Z,12345,1995,Mercedes,SL600,50000,scrapes/20260928200030/tz2J8kVCEPqJXkJtDDNiaY.txt
uFABtVXWrjcPZ19bHGXMkq,20260928200030,2026-09-28T20:00:30Z,3900,2012,jeep,grand,130000,scrapes/20260928200030/uFABtVXWrjcPZ19bHGXMkq.txt
8fPJZaEtLakku5KhtWCnc9,20260928210028,2026-09-28T21:00:28Z,6900,2010,Mini,Cooper,82500,scrapes/20260928210028/8fPJZaEtLakku5KhtWCnc9.txt
8knDC1VfTrU9TUaXKDDQPQ,20260928210028,2026-09-28T21:00:28Z,9950,2013,Jeep,Wrangler,147000,scrapes/20260928210028/8knDC1VfTrU9TUaXKDDQPQ.txt
e2S2e9EMnBMzT8CAbgp8Bs,20260928210028,2026-09-28T21:00:28Z,16000,2018,bmw,3,77000,scrapes/20260928210028/e2S2e9EMnBMzT8CAbgp8Bs.txt
e6MDVTLu7rSjv8UQSLd2km,20260928210028,2026-09-28T21:00:28Z,2500,2009,saturn,aura,215424,scrapes/20260928210028/e6MDVTLu7rSjv8UQSLd2km.txt
fwghtJD2hxwQPu5Zm5SY7g,20260928210028,2026-09-28T21:00:28Z,4300,2010,toyota,camry,104000,scrapes/20260928210028/fwghtJD2hxwQPu5Zm5SY7g.txt
ktxLENh7u3RKg9mxq3WZmY,20260928210028,2026-09-28T21:00:28Z,4800,2009,bmw,335i,109000,scrapes/20260928210028/ktxLENh7u3RKg9mxq3WZmY.txt
o9yZ7gtGXzwYiw1iCPAUHr,20260928210028,2026-09-28T21:00:28Z,5900,1995,chrysler,concorde,79000,scrapes/20260928210028/o9yZ7gtGXzwYiw1iCPAUHr.txt
qP9Pz4xPMwBsCSJLGtLHMF,20260928210028,2026-09-28T21:00:28Z,15000,2005,chevrolet,suburban,68700,scrapes/20260928210028/qP9Pz4xPMwBsCSJLGtLHMF.txt
tsL6MUofB7T7SfPXw1GndZ,20260928210028,2026-09-28T21:00:28Z,5000,2012,kia,soul,93800,scrapes/20260928210028/tsL6MUofB7T7SfPXw1GndZ.txt
uQEQSm7Qunt4Er1eoiAB5k,20260928210028,2026-09-28T21:00:28Z,17250,1966,chevy,c10,64000,scrapes/20260928210028/uQEQSm7Qunt4Er1eoiAB5k.txt
3Wvcp7exa9CSScYhg2Vixa,20260928220008,2026-09-28T22:00:08Z,2500,2013,bmw,528i,172168,scrapes/20260928220008/3Wvcp7exa9CSScYhg2Vixa.txt
4uxj2ChDASaEG5Rq7gjcJN,20260928220008,2026-09-28T22:00:08Z,17500,2008,Chevrolet,corvette,70525,scrapes/20260928220008/4uxj2ChDASaEG5Rq7gjcJN.txt
6P7LAJVJqtNEwKGkViWqGj,20260928220008,2026-09-28T22:00:08Z,3200,2018,Chevrolet,Equinox,190000,scrapes/20260928220008/6P7LAJVJqtNEwKGkViWqGj.txt
92uQFuf2cNGY7YxaX6htCg,20260928220008,2026-09-28T22:00:08Z,3400,2012,gmc,there,107000,scrapes/20260928220008/92uQFuf2cNGY7YxaX6htCg.txt
cYuru8aXrFZu5YHnH9zV7e,20260928220008,2026-09-28T22:00:08Z,3299,2006,toyota,camry,187000,scrapes/20260928220008/cYuru8aXrFZu5YHnH9zV7e.txt
iU3EZ6GktQLWUqCEGvbxdy,20260928220008,2026-09-28T22:00:08Z,5000,2010,Chrysler,Town,79444,scrapes/20260928220008/iU3EZ6GktQLWUqCEGvbxdy.txt
naRsxiYqGwb4bz5TsrE4Sg,20260928220008,2026-09-28T22:00:08Z,3250,2005,ford,freestyle,112000,scrapes/20260928220008/naRsxiYqGwb4bz5TsrE4Sg.txt
oUAGd9UUeD5Fha27CTTurq,20260928220008,2026-09-28T22:00:08Z,3900,2016,jeep,compass,88000,scrapes/20260928220008/oUAGd9UUeD5Fha27CTTurq.txt
sHZd4GGXAgtxneSCHAKfhb,20260928220008,2026-09-28T22:00:08Z,7000,2011,buick,enclave,48000,scrapes/20260928220008/sHZd4GGXAgtxneSCHAKfhb.txt
vKQNPWwfoqDS9yiaiugvN1,20260928220008,2026-09-28T22:00:08Z,5999,2011,honda,cr-v,169000,scrapes/20260928220008/vKQNPWwfoqDS9yiaiugvN1.txt
1sw5vPdPTpfgTSoAxZm4zL,20260928230034,2026-09-28T23:00:34Z,29990,2019,Porsche,Cayenne,93000,scrapes/20260928230034/1sw5vPdPTpfgTSoAxZm4zL.txt
35sGUiR7xA7mzDGp67uXrM,20260928230034,2026-09-28T23:00:34Z,16900,2006,pontiac,gto,60300,scrapes/20260928230034/35sGUiR7xA7mzDGp67uXrM.txt
57yPTi8KEifRAwow6jApYX,20260928230034,2026-09-28T23:00:34Z,3000,1997,Ford,F-250HD,150000,scrapes/20260928230034/57yPTi8KEifRAwow6jApYX.txt
a9NzYVpwDcarwxW2Q7Gbnh,20260928230034,2026-09-28T23:00:34Z,15999,1988,toyota,mr2,113000,scrapes/20260928230034/a9NzYVpwDcarwxW2Q7Gbnh.txt
c3GsPFLgZ3xu2eckCR3h3r,20260928230034,2026-09-28T23:00:34Z,9800,2022,nissan,sentra,71000,scrapes/20260928230034/c3GsPFLgZ3xu2eckCR3h3r.txt
cTAersTDA3UwzB5WpDiu3Y,20260928230034,2026-09-28T23:00:34Z,24000,2019,international,condition,322000,scrapes/20260928230034/cTAersTDA3UwzB5WpDiu3Y.txt
fzyg3YvvAcpM4UrT6euhdg,20260928230034,2026-09-28T23:00:34Z,4600,1992,toyota,celica,155100,scrapes/20260928230034/fzyg3YvvAcpM4UrT6euhdg.txt
gdUk2QPHMMdhUY66La4zdU,20260928230034,2026-09-28T23:00:34Z,3200,2008,hyundai,santa,154000,scrapes/20260928230034/gdUk2QPHMMdhUY66La4zdU.txt
pkHisRwH3LLvR4eFsWGBuW,20260928230034,2026-09-28T23:00:34Z,11000,1964,chevrolet,chevelle,17742,scrapes/20260928230034/pkHisRwH3LLvR4eFsWGBuW.txt
vzXDg7Yeppm2FZ9Sz8MhzN,20260928230034,2026-09-28T23:00:34Z,3900,2008,subaru,outback,162000,scrapes/20260928230034/vzXDg7Yeppm2FZ9Sz8MhzN.txt
275hg6RSn17bG6rVagRADw,20260929000026,2026-09-29T00:00:26Z,3000,1959,ford,thunderbird,999999,scrapes/20260929000026/275hg6RSn17bG6rVagRADw.txt
84ovdpXx8SWUPpPPb9jDkM,20260929000026,2026-09-29T00:00:26Z,4500,2003,nissan,frontier,151000,scrapes/20260929000026/84ovdpXx8SWUPpPPb9jDkM.txt
a7DdgkU6N7Dtj5uEYpwWQy,20260929000026,2026-09-29T00:00:26Z,28000,2009,ford,shelby,28500,scrapes/20260929000026/a7DdgkU6N7Dtj5uEYpwWQy.txt
dcixTjtVrzgeukc4SfpuRv,20260929000026,2026-09-29T00:00:26Z,13000,1985,Oldsmobile,Toronado,45658,scrapes/20260929000026/dcixTjtVrzgeukc4SfpuRv.txt
hqVwprhurj2h3uxjM1xYPT,20260929000026,2026-09-29T00:00:26Z,15500,2014,ford,f250,59600,scrapes/20260929000026/hqVwprhurj2h3uxjM1xYPT.txt
jVyVSueePJoz57bWRGN4wv,20260929000026,2026-09-29T00:00:26Z,5000,2005,ford,f-150,182000,scrapes/20260929000026/jVyVSueePJoz57bWRGN4wv.txt
q6L6j2NU3KQ2Qzgo45eAt8,20260929000026,2026-09-29T00:00:26Z,2900,2003,lexus,es300,174000,scrapes/20260929000026/q6L6j2NU3KQ2Qzgo45eAt8.txt
wsCwm6MxYjL2KFrfMWmvEQ,20260929000026,2026-09-29T00:00:26Z,4950,2010,ford,fusion,82000,scrapes/20260929000026/wsCwm6MxYjL2KFrfMWmvEQ.txt
wuBnDamovngfcuFDAGuF2u,20260929000026,2026-09-29T00:00:26Z,21000,2019,BMW,540i,79000,scrapes/20260929000026/wuBnDamovngfcuFDAGuF2u.txt
xv7sPfzwKHeiAEcKVJ3xo9,20260929000026,2026-09-29T00:00:26Z,29500,2022,ford,f-150,105000,scrapes/20260929000026/xv7sPfzwKHeiAEcKVJ3xo9.txt
2WbnB5qostGrbupsZbdv2z,20260929010034,2026-09-29T01:00:34Z,15500,2007,Chevrolet,Express,76461,scrapes/20260929010034/2WbnB5qostGrbupsZbdv2z.txt
9qmXuB7HDzw6txJAddKrUX,20260929010034,2026-09-29T01:00:34Z,2950,2012,chrysler,town,101870,scrapes/20260929010034/9qmXuB7HDzw6txJAddKrUX.txt
aJ5Qmzp86rrkEnRkPDW7nA,20260929010034,2026-09-29T01:00:34Z,11995,2012,honda,crv,97000,scrapes/20260929010034/aJ5Qmzp86rrkEnRkPDW7nA.txt
cgb2f9DvchUnm9TR35i2zm,20260929010034,2026-09-29T01:00:34Z,12995,2017,honda,accord,76000,scrapes/20260929010034/cgb2f9DvchUnm9TR35i2zm.txt
cwZskTLSC5NC7WreDSPuhx,20260929010034,2026-09-29T01:00:34Z,12995,2017,honda,accord,76000,scrapes/20260929010034/cwZskTLSC5NC7WreDSPuhx.txt
dXyM6LnDsEPb5QnKxaKwus,20260929010034,2026-09-29T01:00:34Z,19500,2015,gmc,sierra,72000,scrapes/20260929010034/dXyM6LnDsEPb5QnKxaKwus.txt
rDF88CBrvY9ZZxJB17L54i,20260929010034,2026-09-29T01:00:34Z,7500,2012,honda,civic,66000,scrapes/20260929010034/rDF88CBrvY9ZZxJB17L54i.txt
rY8YqPjwsdwfKJd6tKz4fG,20260929010034,2026-09-29T01:00:34Z,2000,2007,gmc,yukon,485000,scrapes/20260929010034/rY8YqPjwsdwfKJd6tKz4fG.txt
rwsjsRVB4YNM571b4vHoDj,20260929010034,2026-09-29T01:00:34Z,35000,2026,acura,integra,5000,scrapes/20260929010034/rwsjsRVB4YNM571b4vHoDj.txt
w2BrUvR1UxJqhB5xAdFG6m,20260929010034,2026-09-29T01:00:34Z,4495,2012,Nissan,Versa,106000,scrapes/20260929010034/w2BrUvR1UxJqhB5xAdFG6m.txt
1mp3JZrNaT3LZptFnbFUCj,20260929020008,2026-09-29T02:00:08Z,8500,2007,land,rover,130000,scrapes/20260929020008/1mp3JZrNaT3LZptFnbFUCj.txt
7TkvuVNv5vnni8GjZxXsMZ,20260929020008,2026-09-29T02:00:08Z,2800,2010,chevrolet,traverse,145000,scrapes/20260929020008/7TkvuVNv5vnni8GjZxXsMZ.txt
bXL2TNG1C1UKbwjQMTQNUQ,20260929020008,2026-09-29T02:00:08Z,3700,2010,Ford,drive,140000,scrapes/20260929020008/bXL2TNG1C1UKbwjQMTQNUQ.txt
hpWMoxJ6Bod3dz7gqLtgHL,20260929020008,2026-09-29T02:00:08Z,6500,1996,Chevrolet,Caprice,154000,scrapes/20260929020008/hpWMoxJ6Bod3dz7gqLtgHL.txt
hwqe5uV8zfpAYddsxB95hT,20260929020008,2026-09-29T02:00:08Z,20000,1985,Chevrolet,Corvette,28248,scrapes/20260929020008/hwqe5uV8zfpAYddsxB95hT.txt
kkehXk17SoVfNBMsZhefjH,20260929020008,2026-09-29T02:00:08Z,5400,2017,nissan,rogue,160000,scrapes/20260929020008/kkehXk17SoVfNBMsZhefjH.txt
n82Na4Sp5NQ7GDViRvMHSm,20260929020008,2026-09-29T02:00:08Z,5445,2012,Chevy,Express,186326,scrapes/20260929020008/n82Na4Sp5NQ7GDViRvMHSm.txt
rLC6TsfxbEwQGG8ZMNKnLE,20260929020008,2026-09-29T02:00:08Z,4500,2016,jeep,grand,180000,scrapes/20260929020008/rLC6TsfxbEwQGG8ZMNKnLE.txt
so9LLRRB7wAic1qfG8yok1,20260929020008,2026-09-29T02:00:08Z,3850,2004,toyota,tacoma,266195,scrapes/20260929020008/so9LLRRB7wAic1qfG8yok1.txt
vGp9yeu56RM4xUhyCJix1K,20260929020008,2026-09-29T02:00:08Z,3000,2006,honda,pilot,140000,scrapes/20260929020008/vGp9yeu56RM4xUhyCJix1K.txt
2N4barSEnTQK5ABfeSfGNC,20260929030008,2026-09-29T03:00:08Z,3500,2009,nissan,xterra,212328,scrapes/20260929030008/2N4barSEnTQK5ABfeSfGNC.txt
2e87KcRypigsCvgvXHHqxZ,20260929030008,2026-09-29T03:00:08Z,2400,2013,nissan,rogue,213000,scrapes/20260929030008/2e87KcRypigsCvgvXHHqxZ.txt
52cXb2H22kjKAYx56ujT5e,20260929030008,2026-09-29T03:00:08Z,7700,2010,ford,f150,102000,scrapes/20260929030008/52cXb2H22kjKAYx56ujT5e.txt
7VtZgoEyRcMi8RPLxWcstT,20260929030008,2026-09-29T03:00:08Z,4350,2006,buick,lacrosse,186550,scrapes/20260929030008/7VtZgoEyRcMi8RPLxWcstT.txt
8AykN472NXkvFbpSinNvVF,20260929030008,2026-09-29T03:00:08Z,4900,2016,subaru,legacy,180000,scrapes/20260929030008/8AykN472NXkvFbpSinNvVF.txt
fUwRAvEEqSttQ5VSu9UfoM,20260929030008,2026-09-29T03:00:08Z,7500,2013,bmw,335xi,99000,scrapes/20260929030008/fUwRAvEEqSttQ5VSu9UfoM.txt
fjQ6PQ9YCk8xhvXJa2zULw,20260929030008,2026-09-29T03:00:08Z,5100,2013,infinti,jx35,140000,scrapes/20260929030008/fjQ6PQ9YCk8xhvXJa2zULw.txt
iZjF2hZRNgjY5XBr2XcGok,20260929030008,2026-09-29T03:00:08Z,2500,1986,Nissan,condition,171000,scrapes/20260929030008/iZjF2hZRNgjY5XBr2XcGok.txt
p8Pha8BVkh7f9xCwjHaAKe,20260929030008,2026-09-29T03:00:08Z,18000,1969,cadillac,coupe,108000,scrapes/20260929030008/p8Pha8BVkh7f9xCwjHaAKe.txt
q7y8Sw5jSToB2i1FHFwdTy,20260929030008,2026-09-29T03:00:08Z,14999,2021,Chrysler,Pacifica,166462,scrapes/20260929030008/q7y8Sw5jSToB2i1FHFwdTy.txt
4FSYLkG9tc1b5LR6rhQZ1m,20260929040049,2026-09-29T04:00:49Z,3350,2005,Dodge,Ram,163000,scrapes/20260929040049/4FSYLkG9tc1b5LR6rhQZ1m.txt
8Cty4pXa4pxhV1G9y9TiSS,20260929040049,2026-09-29T04:00:49Z,2300,1999,lexus,es,205000,scrapes/20260929040049/8Cty4pXa4pxhV1G9y9TiSS.txt
8x7ijeA1NkgXAfW53Bwfdz,20260929040049,2026-09-29T04:00:49Z,21500,1930,Ford,Model,500,scrapes/20260929040049/8x7ijeA1NkgXAfW53Bwfdz.txt
d5MXUubTP6LZ8CwbnEUgT8,20260929040049,2026-09-29T04:00:49Z,5500,1999,chevy,camaro,151975,scrapes/20260929040049/d5MXUubTP6LZ8CwbnEUgT8.txt
emhYovFD5DeTrhLmJJDgdv,20260929040049,2026-09-29T04:00:49Z,15000,1962,chevy,ii,80000,scrapes/20260929040049/emhYovFD5DeTrhLmJJDgdv.txt
hXu91RprcyuQbAnaiKoUtG,20260929040049,2026-09-29T04:00:49Z,6000,2011,infiniti,fx35,165552,scrapes/20260929040049/hXu91RprcyuQbAnaiKoUtG.txt
otZDAq77nHvW5EdCj7Fznm,20260929040049,2026-09-29T04:00:49Z,7900,2014,audi,a5,142000,scrapes/20260929040049/otZDAq77nHvW5EdCj7Fznm.txt
qyuxqYSNBRaPgj5yPKuCsB,20260929040049,2026-09-29T04:00:49Z,4900,1980,Chevrolet,corvette,92600,scrapes/20260929040049/qyuxqYSNBRaPgj5yPKuCsB.txt
rGz3ZAtikTWmdVBBoa2MeP,20260929040049,2026-09-29T04:00:49Z,10200,1975,volkswagen,beetle,53452,scrapes/20260929040049/rGz3ZAtikTWmdVBBoa2MeP.txt
uYurM4FxLpQ3dYhzQFuNKi,20260929040049,2026-09-29T04:00:49Z,4000,2012,infiniti,m37,130000,scrapes/20260929040049/uYurM4FxLpQ3dYhzQFuNKi.txt
4f9PsKnbqPLnJGz3KyfZRs,20260929050035,2026-09-29T05:00:35Z,14000,1999,international,4700,262961,scrapes/20260929050035/4f9PsKnbqPLnJGz3KyfZRs.txt
6HsstUEeJvY3NgPVNSSBS1,20260929050035,2026-09-29T05:00:35Z,3200,2011,FOR,FOCUS,180500,scrapes/20260929050035/6HsstUEeJvY3NgPVNSSBS1.txt
9itNYkzrtctAS6V3NPKW59,20260929050035,2026-09-29T05:00:35Z,21900,2022,mercedes-benz,glb,60000,scrapes/20260929050035/9itNYkzrtctAS6V3NPKW59.txt
a9nf4HuBDGGPpYU1bKAMZ4,20260929050035,2026-09-29T05:00:35Z,16500,2017,Jeep,Grand,87000,scrapes/20260929050035/a9nf4HuBDGGPpYU1bKAMZ4.txt
cYUvNxpNrFyj3MoTkEyz9H,20260929050035,2026-09-29T05:00:35Z,9895,2015,ford,transit,78055,scrapes/20260929050035/cYUvNxpNrFyj3MoTkEyz9H.txt
hZKFUpuC2tJARXLXob5eDk,20260929050035,2026-09-29T05:00:35Z,3300,2010,ford,focus,152000,scrapes/20260929050035/hZKFUpuC2tJARXLXob5eDk.txt
r4frWwTVojh4S5CDat3nUG,20260929050035,2026-09-29T05:00:35Z,20000,2018,Jeep,Wrangler,56468,scrapes/20260929050035/r4frWwTVojh4S5CDat3nUG.txt
rj4HL3MtkcERmYHbtsyhGi,20260929050035,2026-09-29T05:00:35Z,2000,2016,Ford,Fiesta,135000,scrapes/20260929050035/rj4HL3MtkcERmYHbtsyhGi.txt
tRSAt7hRvVsBGG3TqqBGm8,20260929050035,2026-09-29T05:00:35Z,36000,2019,dodge,challenger,11033,scrapes/20260929050035/tRSAt7hRvVsBGG3TqqBGm8.txt
uPPLFwq52uvEDziUAGyf9i,20260929050035,2026-09-29T05:00:35Z,33500,2009,Cadillac,CTS,142777,scrapes/20260929050035/uPPLFwq52uvEDziUAGyf9i.txt
4hLueUEZ6UXAKqV8LVP75C,20260929060034,2026-09-29T06:00:34Z,15499,2015,Ram,1500,103500,scrapes/20260929060034/4hLueUEZ6UXAKqV8LVP75C.txt
5fcNt3hwhfW9L3pksvf5zH,20260929060034,2026-09-29T06:00:34Z,4295,2013,lincoln,mks,182000,scrapes/20260929060034/5fcNt3hwhfW9L3pksvf5zH.txt
5gjy2uq2aSM9p9nxELoRuA,20260929060034,2026-09-29T06:00:34Z,3000,2006,honda,pilot,130000,scrapes/20260929060034/5gjy2uq2aSM9p9nxELoRuA.txt
7YQ4rwiA85MvRy4sTegyxN,20260929060034,2026-09-29T06:00:34Z,10800,2013,mercedes-benz,gl450,98000,scrapes/20260929060034/7YQ4rwiA85MvRy4sTegyxN.txt
bLKd8f6mdoiRNRJxjQSuEt,20260929060034,2026-09-29T06:00:34Z,8800,2013,honda,civic,106000,scrapes/20260929060034/bLKd8f6mdoiRNRJxjQSuEt.txt
gTafG6nMWZ32cgS1yeRvzA,20260929060034,2026-09-29T06:00:34Z,6500,2011,ford,f-150,140000,scrapes/20260929060034/gTafG6nMWZ32cgS1yeRvzA.txt
mTcc5iSk4eYGwSZg5KUviL,20260929060034,2026-09-29T06:00:34Z,3000,2006,toyota,camry,130000,scrapes/20260929060034/mTcc5iSk4eYGwSZg5KUviL.txt
mgNAxahkDotzpbCicGLfAP,20260929060034,2026-09-29T06:00:34Z,24000,2018,Lexus,RC300,83500,scrapes/20260929060034/mgNAxahkDotzpbCicGLfAP.txt
ojeoNE3Z3gbmycRCwrRBeB,20260929060034,2026-09-29T06:00:34Z,3450,2006,chevy,hhr,115342,scrapes/20260929060034/ojeoNE3Z3gbmycRCwrRBeB.txt
rVwefcC9Nn9JGdiKeUQQTJ,20260929060034,2026-09-29T06:00:34Z,2995,2007,toyota,scion,184000,scrapes/20260929060034/rVwefcC9Nn9JGdiKeUQQTJ.txt
1mAyQvDCLfERroNVNCXCPb,20260929070011,2026-09-29T07:00:11Z,4500,1976,vw,beetle,75000,scrapes/20260929070011/1mAyQvDCLfERroNVNCXCPb.txt
4BXrTFfnZ3MSTmGbT17V4F,20260929070011,2026-09-29T07:00:11Z,7600,2012,Subaru,Impreza,111743,scrapes/20260929070011/4BXrTFfnZ3MSTmGbT17V4F.txt
4k8ewo4EPxvvdhQ3TWwNmh,20260929070011,2026-09-29T07:00:11Z,8800,2014,vw,touareg,155000,scrapes/20260929070011/4k8ewo4EPxvvdhQ3TWwNmh.txt
6TV4mkF7yKUdPhNKvUW2kp,20260929070011,2026-09-29T07:00:11Z,3700,2014,mazda,cx-9,150000,scrapes/20260929070011/6TV4mkF7yKUdPhNKvUW2kp.txt
8xEDu6RLDhwcbrQ7ZGKFbP,20260929070011,2026-09-29T07:00:11Z,27900,2023,honda,ridgeline,51000,scrapes/20260929070011/8xEDu6RLDhwcbrQ7ZGKFbP.txt
d2yyEGuVJWaqFA2LqJQZi6,20260929070011,2026-09-29T07:00:11Z,5445,2012,chevrolet,express,187000,scrapes/20260929070011/d2yyEGuVJWaqFA2LqJQZi6.txt
kHNU2PGAna6U981QBbKy6C,20260929070011,2026-09-29T07:00:11Z,3500,2000,ford,f150,153000,scrapes/20260929070011/kHNU2PGAna6U981QBbKy6C.txt
sBZBaCEbfZ9B9KdRzjZEKb,20260929070011,2026-09-29T07:00:11Z,7500,2016,Volvo,S80,105000,scrapes/20260929070011/sBZBaCEbfZ9B9KdRzjZEKb.txt
theUVRqrpauW2JxnT99Unv,20260929070011,2026-09-29T07:00:11Z,8000,2019,toyota,corolla,120000,scrapes/20260929070011/theUVRqrpauW2JxnT99Unv.txt
tqzT6WLM4KzxEa1g1AV7Pm,20260929070011,2026-09-29T07:00:11Z,11000,2013,ford,f150,41500,scrapes/20260929070011/tqzT6WLM4KzxEa1g1AV7Pm.txt
2Ej5JaA5y8PK1NKYuzL8VA,20260929080013,2026-09-29T08:00:13Z,3200,2013,hyundai,sonata,274000,scrapes/20260929080013/2Ej5JaA5y8PK1NKYuzL8VA.txt
2p6NRs8Fcv2c6jWeWRQvTM,20260929080013,2026-09-29T08:00:13Z,3800,2015,subaru,forester,160000,scrapes/20260929080013/2p6NRs8Fcv2c6jWeWRQvTM.txt
4GdaiMicD5i17ULhc8aVjp,20260929080013,2026-09-29T08:00:13Z,23500,2016,bmw,3,76000,scrapes/20260929080013/4GdaiMicD5i17ULhc8aVjp.txt
9oEA1ZL5aPYXAkCrBZPaN7,20260929080013,2026-09-29T08:00:13Z,7400,2017,infiniti,q50,147,scrapes/20260929080013/9oEA1ZL5aPYXAkCrBZPaN7.txt
ceNnirA38GGCBLgfpCkmLH,20260929080013,2026-09-29T08:00:13Z,14500,1979,Volkwagen,Bug,39750,scrapes/20260929080013/ceNnirA38GGCBLgfpCkmLH.txt
ezCBxhTmsLcvxvNb1WK3cW,20260929080013,2026-09-29T08:00:13Z,2500,2009,mazda,cx-9,218000,scrapes/20260929080013/ezCBxhTmsLcvxvNb1WK3cW.txt
r7TuwimUSeboPqfYBQGHTw,20260929080013,2026-09-29T08:00:13Z,6900,2018,nissan,pathfinder,106000,scrapes/20260929080013/r7TuwimUSeboPqfYBQGHTw.txt
ratJyz6TXsEvgM1brUdts8,20260929080013,2026-09-29T08:00:13Z,4750,2017,nissan,quest,191345,scrapes/20260929080013/ratJyz6TXsEvgM1brUdts8.txt
wGynQtHkRWoqcnY9eqZofB,20260929080013,2026-09-29T08:00:13Z,6950,2012,bmw,525xi,123158,scrapes/20260929080013/wGynQtHkRWoqcnY9eqZofB.txt
xrcB8f74ry1SnpWLM3run6,20260929080013,2026-09-29T08:00:13Z,1800,2006,Ford,f150,137000,scrapes/20260929080013/xrcB8f74ry1SnpWLM3run6.txt
8t4azjWBqWvQsosqVTuSPm,20260929090006,2026-09-29T09:00:06Z,5500,2013,Mazda,CX-5,177000,scrapes/20260929090006/8t4azjWBqWvQsosqVTuSPm.txt
cDi5f5izBNUySsUtR3DKnf,20260929090006,2026-09-29T09:00:06Z,5500,2004,Chevrolet,Silverado,144200,scrapes/20260929090006/cDi5f5izBNUySsUtR3DKnf.txt
chDApcw1HzTqLzwQaTU8nk,20260929090006,2026-09-29T09:00:06Z,16999,2004,jeep,wrangler,106833,scrapes/20260929090006/chDApcw1HzTqLzwQaTU8nk.txt
iTp7txhizE2XaHfKiepCHk,20260929090006,2026-09-29T09:00:06Z,16000,1969,Corvette,Stingray,69000,scrapes/20260929090006/iTp7txhizE2XaHfKiepCHk.txt
q1rS999Qx22q4U5vkiz5xY,20260929090006,2026-09-29T09:00:06Z,2500,2003,volvo,s60,294000,scrapes/20260929090006/q1rS999Qx22q4U5vkiz5xY.txt
q5bmKujKnb2RiLTbmxpM8B,20260929090006,2026-09-29T09:00:06Z,5000,2009,lexus,is,203000,scrapes/20260929090006/q5bmKujKnb2RiLTbmxpM8B.txt
rsgw9AGNcgyEFNXspeWW41,20260929090006,2026-09-29T09:00:06Z,7000,2009,jeep,wrangler,162094,scrapes/20260929090006/rsgw9AGNcgyEFNXspeWW41.txt
t8EiMor4EFEcN2fLrxmhvE,20260929090006,2026-09-29T09:00:06Z,6950,2012,toyota,camry,143000,scrapes/20260929090006/t8EiMor4EFEcN2fLrxmhvE.txt
xtzD5hwhN1mxaKVG1NUn9n,20260929090006,2026-09-29T09:00:06Z,12900,2018,jeep,grand,79457,scrapes/20260929090006/xtzD5hwhN1mxaKVG1NUn9n.txt
xvUgiiQtzVwvP9xeFrGbHc,20260929090006,2026-09-29T09:00:06Z,2900,2002,chrysler,sebring,195000,scrapes/20260929090006/xvUgiiQtzVwvP9xeFrGbHc.txt
3mKCmg8ktHcsMnQtEXnzDj,20260929100011,2026-09-29T10:00:11Z,27000,2019,Chevrolet,Suburban,86000,scrapes/20260929100011/3mKCmg8ktHcsMnQtEXnzDj.txt
7ZDsL7LWp3sS2HfYpodFMw,20260929100011,2026-09-29T10:00:11Z,1400,2005,hyundai,elantra,200000,scrapes/20260929100011/7ZDsL7LWp3sS2HfYpodFMw.txt
afMUaV6fgnAUYiu6nLLWdV,20260929100011,2026-09-29T10:00:11Z,2000,2004,buick,lesabre,159000,scrapes/20260929100011/afMUaV6fgnAUYiu6nLLWdV.txt
cepDMs8q3vHkLKLstSprJb,20260929100011,2026-09-29T10:00:11Z,12000,2011,dodge,ram,95500,scrapes/20260929100011/cepDMs8q3vHkLKLstSprJb.txt
ge2BgYF5k3Th5EWg99xdE5,20260929100011,2026-09-29T10:00:11Z,6950,2015,ford,taurus,87000,scrapes/20260929100011/ge2BgYF5k3Th5EWg99xdE5.txt
hUSqpyjx6AHxd1Wcy3H9cK,20260929100011,2026-09-29T10:00:11Z,2800,2018,Ford,Taurus,218000,scrapes/20260929100011/hUSqpyjx6AHxd1Wcy3H9cK.txt
kXknMdZ4mjSPzGL4J2ZoRT,20260929100011,2026-09-29T10:00:11Z,7995,2016,Honda,four-wheel-drive,165000,scrapes/20260929100011/kXknMdZ4mjSPzGL4J2ZoRT.txt
nfe6uBHKBakck7z62dNWC2,20260929100011,2026-09-29T10:00:11Z,1500,2017,Chevy,Spark,200,scrapes/20260929100011/nfe6uBHKBakck7z62dNWC2.txt
uzmUA4Ds1NA4PRf8Um8HkR,20260929100011,2026-09-29T10:00:11Z,4000,2015,Jeep,Compass,137000,scrapes/20260929100011/uzmUA4Ds1NA4PRf8Um8HkR.txt
vTQupNDdBPg1Ac6zZCHh8q,20260929100011,2026-09-29T10:00:11Z,20000,2019,Ford,Expedition,147000,scrapes/20260929100011/vTQupNDdBPg1Ac6zZCHh8q.txt
2UZdxABgGVVCpzEmkwS7Rw,20260929110006,2026-09-29T11:00:06Z,29000,2011,chevy,camaro,8500,scrapes/20260929110006/2UZdxABgGVVCpzEmkwS7Rw.txt
eyyKBznnYsF7oE934hUzNJ,20260929110006,2026-09-29T11:00:06Z,2000,2014,ford,escape,124000,scrapes/20260929110006/eyyKBznnYsF7oE934hUzNJ.txt
fS86UXdsDsVquGv6AhFjUC,20260929110006,2026-09-29T11:00:06Z,11500,2013,Jeep,Wrangler,130967,scrapes/20260929110006/fS86UXdsDsVquGv6AhFjUC.txt
gbYwAkQtRMJDm6YDSsXKqD,20260929110006,2026-09-29T11:00:06Z,2700,2004,jeep,grand,177000,scrapes/20260929110006/gbYwAkQtRMJDm6YDSsXKqD.txt
j13SwmE4Xb1KhWKkXY2qeT,20260929110006,2026-09-29T11:00:06Z,3500,2019,Mini,Clubman,108161,scrapes/20260929110006/j13SwmE4Xb1KhWKkXY2qeT.txt
pqQiaJ34iAdf1rir4bs9NM,20260929110006,2026-09-29T11:00:06Z,8800,2017,Hyundai,Elantra,95000,scrapes/20260929110006/pqQiaJ34iAdf1rir4bs9NM.txt
qXa9gwxR6Z87RpLAG5y3fL,20260929110006,2026-09-29T11:00:06Z,4600,2012,toyota,scion,115800,scrapes/20260929110006/qXa9gwxR6Z87RpLAG5y3fL.txt
r3ae6wep1Hssp56y1YhiaS,20260929110006,2026-09-29T11:00:06Z,4500,1977,Dodge,sportsman,110000,scrapes/20260929110006/r3ae6wep1Hssp56y1YhiaS.txt
vJpY3pAjD3dQbhrNtShqbT,20260929110006,2026-09-29T11:00:06Z,2795,2006,toyota,solara,210000,scrapes/20260929110006/vJpY3pAjD3dQbhrNtShqbT.txt
x8ntcvBj93nRVqjWebxhaZ,20260929110006,2026-09-29T11:00:06Z,5500,2000,ford,mustang,121824,scrapes/20260929110006/x8ntcvBj93nRVqjWebxhaZ.txt
7dEDxWGCVgsdhnkGRzj2vb,20260929120009,2026-09-29T12:00:09Z,3300,2009,lincoln,mks,159000,scrapes/20260929120009/7dEDxWGCVgsdhnkGRzj2vb.txt
cy91EVr6anJQzit3cozynn,20260929120009,2026-09-29T12:00:09Z,2995,2007,toyota,scion,184000,scrapes/20260929120009/cy91EVr6anJQzit3cozynn.txt
dsNEZYVeyDxeXnMrAnzX6L,20260929120009,2026-09-29T12:00:09Z,4800,2013,nissan,rogue,99873,scrapes/20260929120009/dsNEZYVeyDxeXnMrAnzX6L.txt
fFzRDkUNi1VPfTke2KjEiH,20260929120009,2026-09-29T12:00:09Z,9600,2011,acura,rdx,109000,scrapes/20260929120009/fFzRDkUNi1VPfTke2KjEiH.txt
fV6kdUvSP8ZFBhMiqAsgRB,20260929120009,2026-09-29T12:00:09Z,2750,2007,audi,a4,185000,scrapes/20260929120009/fV6kdUvSP8ZFBhMiqAsgRB.txt
fXqAFJRGj4WpxhjLbmxWtn,20260929120009,2026-09-29T12:00:09Z,6900,2018,nissan,pathfinder,106000,scrapes/20260929120009/fXqAFJRGj4WpxhjLbmxWtn.txt
gwVKVu5PTFEfNyhCNXur8L,20260929120009,2026-09-29T12:00:09Z,2500,2009,mini,cooper,160000,scrapes/20260929120009/gwVKVu5PTFEfNyhCNXur8L.txt
jSQJm1Joc19rYhmrAfT5yT,20260929120009,2026-09-29T12:00:09Z,5750,2014,Honda,Accord,186000,scrapes/20260929120009/jSQJm1Joc19rYhmrAfT5yT.txt
jWCUmVCnXmZDxJMahM73wg,20260929120009,2026-09-29T12:00:09Z,1900,1999,dodge,ram,130000,scrapes/20260929120009/jWCUmVCnXmZDxJMahM73wg.txt
xthgiPxEce5yYy3zQxssTk,20260929120009,2026-09-29T12:00:09Z,4500,2003,nissan,frontier,151000,scrapes/20260929120009/xthgiPxEce5yYy3zQxssTk.txt
1nn9hT8suEnLudJgFbu2x1,20260929130007,2026-09-29T13:00:07Z,24500,1999,CHEVROLET,CORVETTE,30000,scrapes/20260929130007/1nn9hT8suEnLudJgFbu2x1.txt
661WPCekywgrDDPEioiRVi,20260929130007,2026-09-29T13:00:07Z,4500,2006,ford,f350,100000,scrapes/20260929130007/661WPCekywgrDDPEioiRVi.txt
hSRNPiJLQea7T6s18qcB7X,20260929130007,2026-09-29T13:00:07Z,1500,2003,toyota,camry,200000,scrapes/20260929130007/hSRNPiJLQea7T6s18qcB7X.txt
hoSzFiydcKbkt7UpWgB12H,20260929130007,2026-09-29T13:00:07Z,10500,2006,ford,f550,123527,scrapes/20260929130007/hoSzFiydcKbkt7UpWgB12H.txt
nWbYrVoUuXCNe1AP7YJ7XM,20260929130007,2026-09-29T13:00:07Z,4800,2006,Volvo,xc90,171000,scrapes/20260929130007/nWbYrVoUuXCNe1AP7YJ7XM.txt
ngohbjb84HpCYmPNd8WEL9,20260929130007,2026-09-29T13:00:07Z,7500,2008,Jeep,Wrangler,140600,scrapes/20260929130007/ngohbjb84HpCYmPNd8WEL9.txt
sNvDx26LrETJ6zq9WYdK8A,20260929130007,2026-09-29T13:00:07Z,5000,2012,toyota,scion,115400,scrapes/20260929130007/sNvDx26LrETJ6zq9WYdK8A.txt
ufdKocmsA1HR17exYZkjmf,20260929130007,2026-09-29T13:00:07Z,1500,2017,Ford,Escape,135000,scrapes/20260929130007/ufdKocmsA1HR17exYZkjmf.txt
uniLNhFdm7ywzDJsPkXwdF,20260929130007,2026-09-29T13:00:07Z,14900,2011,chevrolet,camaro,138000,scrapes/20260929130007/uniLNhFdm7ywzDJsPkXwdF.txt
wFTNvBHeWft9MBkRB1a6Ki,20260929130007,2026-09-29T13:00:07Z,1350,1970,cadillac,fleetwood,13000,scrapes/20260929130007/wFTNvBHeWft9MBkRB1a6Ki.txt
4rRYheee9tz3JBzaefvMPc,20260929140010,2026-09-29T14:00:10Z,14000,1968,dodge,dart,106000,scrapes/20260929140010/4rRYheee9tz3JBzaefvMPc.txt
bwrKLJYg9GAQAM2YRcinWW,20260929140010,2026-09-29T14:00:10Z,7500,1992,Lexus,es300,37000,scrapes/20260929140010/bwrKLJYg9GAQAM2YRcinWW.txt
iCFzVFUdZoZd9WoN2W3QGw,20260929140010,2026-09-29T14:00:10Z,4200,1999,lexus,es300,123000,scrapes/20260929140010/iCFzVFUdZoZd9WoN2W3QGw.txt
pnXhGNe34SzzaJB2mpLq6o,20260929140010,2026-09-29T14:00:10Z,2100,2003,gmc,sierra,199000,scrapes/20260929140010/pnXhGNe34SzzaJB2mpLq6o.txt
q52h7r76dovZXAmhusdVDm,20260929140010,2026-09-29T14:00:10Z,2300,2006,nissan,titan,158000,scrapes/20260929140010/q52h7r76dovZXAmhusdVDm.txt
tBY2fyXeyyFVSVfwTvHMQf,20260929140010,2026-09-29T14:00:10Z,3000,2012,mercedes-benz,c-class,200000,scrapes/20260929140010/tBY2fyXeyyFVSVfwTvHMQf.txt
tdpik2dHaCBMtJkcA8GoDu,20260929140010,2026-09-29T14:00:10Z,3000,2007,ford,f150,200000,scrapes/20260929140010/tdpik2dHaCBMtJkcA8GoDu.txt
wKsJ5kpVytPC9kEqoLkfhb,20260929140010,2026-09-29T14:00:10Z,9999,1987,chevrolet,corvette,51307,scrapes/20260929140010/wKsJ5kpVytPC9kEqoLkfhb.txt
cUcKriPun7qfWKKwmxdQJi,20260929160039,2026-09-29T16:00:39Z,4500,2015,volkswagen,jetta,90000,scrapes/20260929160039/cUcKriPun7qfWKKwmxdQJi.txt
iK4AoYnAwNGiSocS3ASHUt,20260929160039,2026-09-29T16:00:39Z,34900,2015,hino,268,63000,scrapes/20260929160039/iK4AoYnAwNGiSocS3ASHUt.txt
mVr3EsFsZi7r8AS6Qc4NR7,20260929180006,2026-09-29T18:00:06Z,3900,2007,acura,mdx,111000,scrapes/20260929180006/mVr3EsFsZi7r8AS6Qc4NR7.txt
vTS9cMF6DRTZpzuPrCCe2E,20260929190010,2026-09-29T19:00:10Z,21900,2016,bmw,5,62000,scrapes/20260929190010/vTS9cMF6DRTZpzuPrCCe2E.txt
9vndxJQ8cTpFSb7HE3V71Z,20260929210035,2026-09-29T21:00:35Z,2300,1997,honda,civic,151000,scrapes/20260929210035/9vndxJQ8cTpFSb7HE3V71Z.txt
nm33yB2U72REY6wvEaD7F2,20260929230041,2026-09-29T23:00:41Z,2400,2005,toyota,camry,256470,scrapes/20260929230041/nm33yB2U72REY6wvEaD7F2.txt
hme2eNNKiTsFb8PAZa6A7Y,20260930020013,2026-09-30T02:00:13Z,3600,2009,Subaru,Impreza,91000,scrapes/20260930020013/hme2eNNKiTsFb8PAZa6A7Y.txt
67BonqB5uMgBNqAocNuc5R,20260930050006,2026-09-30T05:00:06Z,5500,2016,Freightliner,Cascadia,425000,scrapes/20260930050006/67BonqB5uMgBNqAocNuc5R.txt
fZgsV2Y8gFg49ji1ACePAR,20260930050006,2026-09-30T05:00:06Z,9500,2016,freightliner,business,134000,scrapes/20260930050006/fZgsV2Y8gFg49ji1ACePAR.txt
2YkBQnb81HmwxiMZtbSVHd,20260930140036,2026-09-30T14:00:36Z,4500,2009,honda,civic,121000,scrapes/20260930140036/2YkBQnb81HmwxiMZtbSVHd.txt
rBJWhxCNma5WEKxatBn76m,20260930140036,2026-09-30T14:00:36Z,11600,2018,honda,civic,63000,scrapes/20260930140036/rBJWhxCNma5WEKxatBn76m.txt
3Kg37VZDkQdnaa1t1c8Nvy,20260930150040,2026-09-30T15:00:40Z,3725,2014,Ford,Edge,108211,scrapes/20260930150040/3Kg37VZDkQdnaa1t1c8Nvy.txt
3rANr99tcuu2gt6Fnkjsdh,20260930160053,2026-09-30T16:00:53Z,8000,2009,scion,tc,130000,scrapes/20260930160053/3rANr99tcuu2gt6Fnkjsdh.txt
9FAVBVV8KQ99YZtB9AJmJs,20260930170033,2026-09-30T17:00:33Z,6900,2013,acura,mdx,140000,scrapes/20260930170033/9FAVBVV8KQ99YZtB9AJmJs.txt
cPfETmEdGghJjAMwwXvWaF,20260930170033,2026-09-30T17:00:33Z,5800,2013,acura,rdx,109000,scrapes/20260930170033/cPfETmEdGghJjAMwwXvWaF.txt
iokqMLhL8Jtxi1zV6tGJ9a,20260930170033,2026-09-30T17:00:33Z,7900,2012,jeep,wrangler,140000,scrapes/20260930170033/iokqMLhL8Jtxi1zV6tGJ9a.txt
tSapCiY8Y96o2j7E5iyfqA,20260930170033,2026-09-30T17:00:33Z,3200,2002,honda,accord,130000,scrapes/20260930170033/tSapCiY8Y96o2j7E5iyfqA.txt
8JcCHKRzKDvGDgh2m6SCww,20260930180038,2026-09-30T18:00:38Z,5450,2013,nissan,altima,83000,scrapes/20260930180038/8JcCHKRzKDvGDgh2m6SCww.txt
iiRrWGLwswPWYvqkDUMdgq,20260930190038,2026-09-30T19:00:38Z,9400,2011,acura,rdx,109000,scrapes/20260930190038/iiRrWGLwswPWYvqkDUMdgq.txt
